Generation,HP,Attack,Defense,Sp. Atk,Sp. Def,Speed
1,65.81927710843374,76.63855421686748,70.86144578313252,71.81927710843374,69.09036144578313,72.58433734939759
2,71.20754716981132,72.02830188679245,73.38679245283019,65.94339622641509,73.90566037735849,61.81132075471698
3,66.54375,81.625,74.1,75.80625,71.225,66.925
4,73.08264462809917,82.86776859504133,78.13223140495867,76.40495867768595,77.1900826446281,71.33884297520662
5,71.78787878787878,82.06666666666666,72.32727272727273,71.98787878787878,68.73939393939393,68.07878787878788
6,68.26829268292683,75.8048780487805,76.6829268292683,74.29268292682927,74.89024390243902,66.4390243902439
