,Generation,AttackMean,HpMean,DefMean,SpDfMean,SpAt
0,1,76.63855421686748,65.81927710843374,70.86144578313252,71.81927710843374,69.09036144578313
1,2,72.02830188679245,71.20754716981132,73.38679245283019,65.94339622641509,73.90566037735849
2,3,81.625,66.54375,74.1,75.80625,71.225
3,4,82.86776859504133,73.08264462809917,78.13223140495867,76.40495867768595,77.1900826446281
4,5,82.06666666666666,71.78787878787878,72.32727272727273,71.98787878787878,68.73939393939393
5,6,75.8048780487805,68.26829268292683,76.6829268292683,74.29268292682927,74.89024390243902
