Generation,Attack
1,76.63855421686748
2,72.02830188679245
3,81.625
4,82.86776859504133
5,82.06666666666666
6,75.8048780487805
